product_name,product_url_image,product_price,product_discount_price,product_stock,product_volume,product_weight
Kurma Ajwa Jumbo 500gr,https://storage.googleapis.com/indo-astro/Kurma_Ajwa_Jumbo_500gr_1647651275802_PRODUCT_240x240.png,90800,,27,1000,500
Kurma BAM 500gr,https://storage.googleapis.com/indo-astro/Kurma_BAM_500gr_1649393219997_PRODUCT_240x240.png,40300,,16,1000,500
Lemon Import 500gr,https://storage.googleapis.com/indo-astro/Lemon_Import_500gr_PRODUCT_1646536053251_240x240.png,29400,,4,4500,500
Semangka Merah 1 pcs,https://storage.googleapis.com/indo-astro/Semangka_Merah_1_pcs_240x240.png,55400,,4,3672,200
Anggur Red Globe 500gr,https://storage.googleapis.com/indo-astro/Anggur_Red_Globe_500gr_240x240.png,39900,,5,1400,500
Apel Envy NZ 1kg,https://storage.googleapis.com/indo-astro/Apel_Envy_NZ_1kg_240x240.png,93800,,2,4500,1000
Apel Fuji 1kg,https://storage.googleapis.com/indo-astro/Apel_Fuji_1kg_1650351718164_PRODUCT_240x240.png,57900,,6,4500,1000
Buah Naga Merah 1 pcs,https://storage.googleapis.com/indo-astro/Buah_Naga_Merah_1_pcs_1648001954961_PRODUCT_240x240.png,17900,,18,1000,200
Jambu Kristal Sunpride 1 Pack,https://storage.googleapis.com/indo-astro/Jambu_Kristal_Sunpride_500gr_240x240.png,17900,,5,308,500
Jeruk Medan 500gr,https://storage.googleapis.com/indo-astro/Jeruk_Medan_500gr_1650360950670_PRODUCT_240x240.png,23200,,3,1000,500
Lemon California 500gr,https://storage.googleapis.com/indo-astro/Lemon_California_Kuning_500gr_PRODUCT_1646536006519_240x240.png,11500,,8,4500,500
Nanas Honi Sunpride 1 Pcs,https://storage.googleapis.com/indo-astro/Nanas_Honi_Sunpride_1_pcs_1648575437799_PRODUCT_240x240.png,25100,,2,1600,500
Pepaya California Conventional 1 pcs,https://storage.googleapis.com/indo-astro/Pepaya_California_Conventional_1_pcs_240x240.png,19500,,9,1863,1300
Pir Xiang Lie 500gr,https://storage.googleapis.com/indo-astro/Pir_Xiang_Lie_500gr_1650363020850_PRODUCT_240x240.png,35800,,3,2000,500
Pisang Tanduk 2 pcs,https://storage.googleapis.com/indo-astro/Pisang_Tanduk_2_pcs_240x240.png,14300,,9,1000,200
Rock Melon Orange 1 pcs,https://storage.googleapis.com/indo-astro/Rock_Melon_Orange_1_pcs_240x240.png,44900,,1,2520,200
Astro Goods Strawberry Lokal Super 250gr,https://storage.googleapis.com/indo-astro/Strawberry_Lokal_Super_250gr_1657852861124_PRODUCT_240x240.png,25900,,17,1050,250
Jambu Kristal Sunpride 1kg,https://storage.googleapis.com/indo-astro/Jambu_Kristal_Sunpride_1kg_1659934500387_PRODUCT_240x240.png,25400,,1,1000,1000
Pear Golden RRC 1 pcs,https://storage.googleapis.com/indo-astro/Pear_Golden_RRC_1_pcs_1659058672820_PRODUCT_240x240.png,33500,,2,441,500
Anggur Premium Shine Muscat 500gr,https://storage.googleapis.com/indo-astro/Anggur_Premium_Shine_Muscat_500gr_1658465880561_PRODUCT_240x240.png,93800,,1,2000,500
Belimbing Dewi 1 Pack,https://storage.googleapis.com/indo-astro/Belimbing_Dewi_1kg_1658462637801_PRODUCT_240x240.png,23300,,2,3000,800
Salak Pondoh 1kg,https://storage.googleapis.com/indo-astro/Salak_Pondoh_1kg_1658462314763_PRODUCT_240x240.png,22500,,3,4500,1000
Semangka Inul Kuning 1 pcs,https://storage.googleapis.com/indo-astro/Semangka_Inul_Kuning_1_pcs_1658459918879_PRODUCT_240x240.png,38500,,1,5850,1500
Semangka Inul Merah 1 pcs,https://storage.googleapis.com/indo-astro/Semangka_Inul_Merah_1_pcs_1658462343423_PRODUCT_240x240.png,38500,,3,5850,1500
Jeruk Peras 1kg,https://storage.googleapis.com/indo-astro/Jeruk_Peras_1kg_1658459941430_PRODUCT_240x240.png,17200,,2,2700,1000
Pisang Ambon 1 Sisir,https://storage.googleapis.com/indo-astro/Pisang_Ambon_1_Sisir_1658466739417_PRODUCT_240x240.png,32200,,3,8000,1500
Buah Ciplukan 1 Pack,https://storage.googleapis.com/indo-astro/Buah_Ciplukan_1_Pack_1658466193023_PRODUCT_240x240.png,24200,,3,840,110
Strawberry Baby Fresh 1 Pack,https://storage.googleapis.com/indo-astro/Strawberry_Baby_Fresh_1_Pack_1658466402741_PRODUCT_240x240.png,11400,,1,780,120
Pepaya California Jumbo 1 pcs,https://storage.googleapis.com/indo-astro/Pepaya_California_1_pcs_240x240.png,21900,,11,1000,1900
Kiwi Hijau 1 Pack,https://storage.googleapis.com/indo-astro/Kiwi_Hijau_1_Pack_1657515800784_PRODUCT_240x240.png,43800,,2,252,270
Jeruk Pamelo 1 Pcs,https://storage.googleapis.com/indo-astro/Jeruk_Pamelo_1_Pcs_1657516838936_PRODUCT_240x240.png,64700,,2,1500,1300
Pisang Nana Barangan Premium 1 Pack ,https://storage.googleapis.com/indo-astro/Pisang_Nana_Barangan_Premium_1_Pack__1657852373777_PRODUCT_240x240.png,10500,,7,300,500
Jeruk Sunkist Valencia 1kg,https://storage.googleapis.com/indo-astro/Jeruk_Sunkist_Valencia_1Kg_1656040236664_PRODUCT_240x240.png,39900,,1,3600,1000
Blueberry 1 Pack,https://storage.googleapis.com/indo-astro/Blueberry_1_Pack_1655878250094_PRODUCT_240x240.png,65800,,4,605,125
Durian Monthong Thai 450gr,https://storage.googleapis.com/indo-astro/Durian_Monthong_Thai_450gr_1655695739056_PRODUCT_240x240.png,134700,,5,1667.25,450
Durian Musang King 400gr,https://storage.googleapis.com/indo-astro/Durian_Musang_King_400gr_1655695755645_PRODUCT_240x240.png,275800,,2,1539,400
Sunkist Navel Jumbo 1kg,https://storage.googleapis.com/indo-astro/Sunkist_Navel_Jumbo_1kg_1654668049850_PRODUCT_240x240.png,69700,,3,3600,1000
Kiwi Gold Zespri 1 pack,https://storage.googleapis.com/indo-astro/Kiwi_Gold_Zespri_1kg_1655878295699_PRODUCT_240x240.png,49800,,16,2280,1000
Pear Forelle Australia 1 Pack,https://storage.googleapis.com/indo-astro/Pear_Forelle_Australia_1kg_1655878321053_PRODUCT_240x240.png,55700,,2,2400,750
Apel Fuji Blush 1kg,https://storage.googleapis.com/indo-astro/Apel_Fuji_Blush_1kg_1654657907641_PRODUCT_240x240.png,59600,,4,2400,1000
Pear Pakam Afrika 1kg,https://storage.googleapis.com/indo-astro/Pear_Pakam_Afrika_1kg_1653409690357_PRODUCT_240x240.png,42000,,1,1000,1000
Bengkuang 1kg,https://storage.googleapis.com/indo-astro/Bengkuang_1kg_1651026011902_PRODUCT_240x240.png,17500,,3,1000,1000
Astro Goods Melon Inthanon Size XL,https://storage.googleapis.com/indo-astro/Melon_Inthanon_Size_XL_1649997795738_PRODUCT_240x240.png,63000,,7,1000,1400
Astro Goods Melon Inthanon Size XXL,https://storage.googleapis.com/indo-astro/Melon_Inthanon_Size_XXL_1649997875682_PRODUCT_240x240.png,71000,,9,1000,1600
Buah Naga 1kg,https://storage.googleapis.com/indo-astro/Buah_Naga_1kg_1648030231818_PRODUCT_240x240.png,32000,,2,1000,1000
Jeruk Limau 100gr,https://storage.googleapis.com/indo-astro/Jeruk_Limau_100gr_PRODUCT_1643418836856_240x240.png,6800,,3,1000,100
Pir Singo 1 pcs,https://storage.googleapis.com/indo-astro/Pir_Singo_1_pcs_240x240.png,32900,,2,1000,100
Strawberry Sweetbaby 130gr/pack,https://storage.googleapis.com/indo-astro/Strawberry_Sweetbaby_130gr_pack_240x240.png,14000,,18,1000,130
Beet Root 250gr,https://storage.googleapis.com/indo-astro/Beet_Root_250gr_240x240.png,9900,,2,1000,250
Pir Century 1kg,https://storage.googleapis.com/indo-astro/Pir_Century_1kg_240x240.png,41900,,6,4500,1000
Kurma Sukari 850gr,https://storage.googleapis.com/indo-astro/Kurma_Sukari_850gr_1647651305241_PRODUCT_240x240.png,54100,,0,1000,850
Kurma PalmFrutt 500gr,https://storage.googleapis.com/indo-astro/Kurma_PalmFrutt_500gr_1647651319926_PRODUCT_240x240.png,56100,,0,1000,500
Pisang Cavendish Conventional 500gr,https://storage.googleapis.com/indo-astro/Pisang_Cavendish_Conventional_500gr_1657853345927_PRODUCT_240x240.png,11500,,0,322,500
Alpukat Mentega Regular 1kg,https://storage.googleapis.com/indo-astro/Alpukat_Mentega_Super_1kg_240x240.png,39500,,0,1000,1000
Jeruk Mandarin Wokam 750gr,https://storage.googleapis.com/indo-astro/Jeruk_Mandarin_Wokam_750gr_1650361078025_PRODUCT_240x240.png,47900,,0,1200,800
Jeruk Nipis 250gr,https://storage.googleapis.com/indo-astro/Jeruk_Nipis_250gr_1650360975065_PRODUCT_240x240.png,5900,,0,1000,250
Kelengkeng Import 500gr,https://storage.googleapis.com/indo-astro/Kelengkeng_Import_500gr_1650361173744_PRODUCT_240x240.png,32900,,0,1000,500
Anggur Black Magic Mesir 1 Pack,https://storage.googleapis.com/indo-astro/Anggur_Black_Magic_Mesir_1_Pack_1659058530194_PRODUCT_240x240.png,62500,,0,2112,500
Lemon Lokal 500gr,https://storage.googleapis.com/indo-astro/Lemon_Lokal_500gr_1659058307821_PRODUCT_240x240.png,7500,,0,2100,500
Buah Delima Peru 1 pcs,https://storage.googleapis.com/indo-astro/Buah_Delima_Peru_1_pcs_1658469286327_PRODUCT_240x240.png,61700,,0,1200,200
Belimbing Madu 1 Pack,https://storage.googleapis.com/indo-astro/Belimbing_Madu_1kg_1658463579576_PRODUCT_240x240.png,18600,,0,3000,800
Strawberry Grade A Lafresa 1 Pack,https://storage.googleapis.com/indo-astro/Strawberry_Grade_A_Lafresa_1_Pack_1656311228829_PRODUCT_240x240.png,66500,,0,840,220
Durian Monthong Palu 500gr,https://storage.googleapis.com/indo-astro/Durian_Monthong_Palu_500gr_1655695721152_PRODUCT_240x240.png,91100,,0,1774.5,500
Pisang Frui Baby 1 Pack,https://storage.googleapis.com/indo-astro/Pisang_Frui_Baby_1_Pack_1658985006966_PRODUCT_240x240.png,10500,,0,1000,500
Puree Jambu Merah 500gr,https://storage.googleapis.com/indo-astro/Puree_Jambu_Merah_500gr_PRODUCT_1644978326444_240x240.png,24500,,0,1000,500
Melon Inthanon Size M,https://storage.googleapis.com/indo-astro/Melon_Inthanon_Size_M_1649228768869_PRODUCT_240x240.png,48000,,0,1000,1000
Baby Buncis 250gr,https://storage.googleapis.com/indo-astro/Baby_Buncis_250gr_1650351757533_PRODUCT_240x240.png,11800,,4,1000,250
Brokoli Besar,https://storage.googleapis.com/indo-astro/Brokoli_Besar_1650352169435_PRODUCT_240x240.png,24900,,9,1000,500
Buncis Super 250gr,https://storage.googleapis.com/indo-astro/Buncis_Super_250gr_1650352460114_PRODUCT_240x240.png,6700,,4,1000,250
Daun Seledri 250gr,https://storage.googleapis.com/indo-astro/Astro_Farm_Daun_Seledri_250gr_PRODUCT_240x240.png,9900,,2,7000,250
Jagung Acar 250gr,https://storage.googleapis.com/indo-astro/Jagung_Acar_250gr_1650353361768_PRODUCT_240x240.png,8500,,9,600,250
Jamur Kuping 250gr,https://storage.googleapis.com/indo-astro/Jamur_Kuping_250gr_1650354516628_PRODUCT_240x240.png,8900,,1,2415,200
Jamur Tiram 300gr,https://storage.googleapis.com/indo-astro/Jamur_Tiram_300gr_1650357859658_PRODUCT_240x240.png,8900,,2,1000,300
Kacang Edamame 1kg,https://storage.googleapis.com/indo-astro/Kacang_Edamame_1kg_240x240.png,26900,,5,1000,1000
Kacang Panjang 250gr,https://storage.googleapis.com/indo-astro/Kacang_Panjang_250gr_1650361107664_PRODUCT_240x240.png,6700,,6,2756,250
Kembang Kol 1 pcs,https://storage.googleapis.com/indo-astro/Kembang_Kol_1_pcs_1650361235811_PRODUCT_240x240.png,19800,,9,6000,500
Kentang Dieng Conventional 1kg,https://storage.googleapis.com/indo-astro/Kentang_Dieng_Conventional_1kg_240x240.png,21900,,3,1000,1000
Kol Putih Conventional 500gr,https://storage.googleapis.com/indo-astro/Kol_Putih_Conventional_500gr_1650361329373_PRODUCT_240x240.png,9500,,8,308,500
Labu Siam 1 Pack,https://storage.googleapis.com/indo-astro/Labu_Siam_500gr_1650361422169_PRODUCT_240x240.png,5800,,10,264,500
Pete Kupas Fresh 100gr,https://storage.googleapis.com/indo-astro/Pete_Kupas_Fresh_100gr_1647496583786_PRODUCT_240x240.png,29500,,3,308,100
Sawi Putih 1 pcs,https://storage.googleapis.com/indo-astro/Sawi_Putih_1_pcs_1650363218307_PRODUCT_240x240.png,11100,,4,1000,500
Sereh 100gr,https://storage.googleapis.com/indo-astro/Sereh_100gr_1650363339809_PRODUCT_240x240.png,2900,,17,1280,100
Terong Ungu 500gr,https://storage.googleapis.com/indo-astro/Terong_Ungu_500gr_1650363556122_PRODUCT_240x240.png,10800,,10,308,500
Timun Fresh 500gr,https://storage.googleapis.com/indo-astro/Timun_Fresh_500gr_240x240.png,7300,,4,308,500
Timun Jepang 500gr,https://storage.googleapis.com/indo-astro/Timun_Jepang_500gr_1650363593303_PRODUCT_240x240.png,12600,,3,264,500
Tomat Cherry 250gr,https://storage.googleapis.com/indo-astro/Tomat_Cherry_250gr_PRODUCT_1645180417369_240x240.png,14300,,6,308,250
Tomat Merah Conventional 500gr,https://storage.googleapis.com/indo-astro/Tomat_Merah_Conventional_500gr_1650363661507_PRODUCT_240x240.png,13300,,7,308,500
Wortel Berastagi Conventional 1kg,https://storage.googleapis.com/indo-astro/Wortel_Berastagi_Conventional_1kg_1650363702052_PRODUCT_240x240.png,16750,,18,1000,1000
Daun Bawang/Scallion 250gr,https://storage.googleapis.com/indo-astro/Daun_Bawang_Scallion_250gr_1650353087383_PRODUCT_240x240.png,7900,,18,6000,250
Jagung Manis Kupas 2 pcs,https://storage.googleapis.com/indo-astro/Jagung_Manis_Kupas_2_pcs_1651025438049_PRODUCT_240x240.png,9700,,10,308,500
IP Farm Ubi Cilembu 1kg,https://storage.googleapis.com/indo-astro/IP_Farm_Ubi_Cilembu_1kg_1659058823200_PRODUCT_240x240.png,29900,,6,2400,1000
Labu Siam Acar 250gr,https://storage.googleapis.com/indo-astro/Labu_Siam_Acar_250gr_1658910310901_PRODUCT_240x240.png,4900,,4,1000,250
Astro Farm Curly Iceberg Hydroponic 200gr,https://storage.googleapis.com/indo-astro/Astro_Farm_Curly_Iceberg_Hydroponic_200gr_1658805088529_PRODUCT_240x240.png,15500,,2,264,200
Jengkol Matang 250gr,https://storage.googleapis.com/indo-astro/Jengkol_Matang_250gr_1658384354158_PRODUCT_240x240.png,25500,,5,1500,250
Kabocha Orange 1 pcs,https://storage.googleapis.com/indo-astro/Kabocha_Orange_1_Pcs_1656821297098_PRODUCT_240x240.png,26700,,18,990,1000
Kabocha Hijau 1 pcs,https://storage.googleapis.com/indo-astro/Kabocha_Hijau_1_Pcs_1656821316807_PRODUCT_240x240.png,28500,,19,990,1000
Butternut 1 Pcs,https://storage.googleapis.com/indo-astro/Butternut_1_Pcs_1656838751405_PRODUCT_240x240.png,31300,,5,1980,1000
Baby Kailan 250gr,https://storage.googleapis.com/indo-astro/Asto_Farm_Baby_Kailan_250gr_1656900800386_PRODUCT_240x240.png,9400,,14,1000,250
Daun Pucuk Labu 250gr,https://storage.googleapis.com/indo-astro/Daun_Pucuk_Labu_250gr_1656899442822_PRODUCT_240x240.png,5300,,3,2000,250
Tomat Beef 1kg,https://storage.googleapis.com/indo-astro/Tomat_Beef_1Kg_1655878448639_PRODUCT_240x240.png,32700,,2,48,1000
Pare 500gr,https://storage.googleapis.com/indo-astro/Pare_500gr_1654482353540_PRODUCT_240x240.png,11200,,1,4500,500
Lokio 250gr,https://storage.googleapis.com/indo-astro/Astro_Farm_Lokio_250gr_1654052888163_PRODUCT_240x240.png,7900,,3,2400,250
Daun Pisang 1 Ikat,https://storage.googleapis.com/indo-astro/Daun_Pisang_1_Ikat_1653967133181_PRODUCT_240x240.png,6000,,3,5760,400
Jamur Shimeji Putih 150gr,https://storage.googleapis.com/indo-astro/Jamur_Shimeji_Putih_150gr_1653451856976_PRODUCT_240x240.png,14500,,7,1000,150
Zukini 500gr,https://storage.googleapis.com/indo-astro/Zukini_500gr_1651119798188_PRODUCT_240x240.png,12500,,1,1000,500
Cuciwis 250gr,https://storage.googleapis.com/indo-astro/Cuciwis_250gr_1650529264878_PRODUCT_240x240.png,7600,,3,1000,250
Terong Medan 250gr,https://storage.googleapis.com/indo-astro/Terong_Medan_250gr_1650092779607_PRODUCT_240x240.png,5500,,1,100,250
Bunga Pepaya 250gr,https://storage.googleapis.com/indo-astro/Bunga_Pepaya_250gr_1650088512083_PRODUCT_240x240.png,13300,,1,1000,250
Endive Hydroponic 200gr,https://storage.googleapis.com/indo-astro/Astro_Farm_Endive_Hydroponic_200gr_1649948161773_PRODUCT_240x240.png,14700,,1,1000,200
Daun Singkong Conventional 250gr,https://storage.googleapis.com/indo-astro/Astro_Farm_Daun_Singkong_Conventional_250gr_1647487978547_PRODUCT_240x240.png,3800,,5,1000,250
Farmer's Ubi Cilembu 1Kg,https://storage.googleapis.com/indo-astro/Ubi_Cilembu_1kg_PRODUCT_1646185640968_240x240.png,16600,,2,1000,1000
Daun Thyme 50gr,https://storage.googleapis.com/indo-astro/Astro_Farm_Daun_Thyme_50gr_PRODUCT_1644720980682_240x240.png,10200,,1,1000,50
Farmer's Ubi Merah 1Kg,https://storage.googleapis.com/indo-astro/Ubi_Merah_1kg_PRODUCT_1646185663920_240x240.png,15400,,3,1000,1000
Farmer's Ubi Ungu 1Kg,https://storage.googleapis.com/indo-astro/Astro_Farm_Ubi_Ungu_1Kg_PRODUCT_240x240.png,15400,,3,1000,1000
Lobak 500gr,https://storage.googleapis.com/indo-astro/Lobak_500gr_PRODUCT_240x240.png,7800,,4,1000,500
Oyong 500gr,https://storage.googleapis.com/indo-astro/Oyong_500gr_PRODUCT_240x240.png,10900,,1,1000,500
Kentang Dadu 250gr,https://storage.googleapis.com/indo-astro/Kentang_Dadu_250gr_PRODUCT_240x240.png,12000,,1,1000,250
Celery Stick 1 Pack,https://storage.googleapis.com/indo-astro/Celery_Stick_1_Pack_240x240.png,40000,,13,1000,800
Daun Ketumbar/Wansui/Corriander Leaves 50gr,https://storage.googleapis.com/indo-astro/Astro_Farm_Daun_Ketumbar_50gr_PRODUCT_240x240.png,5000,,23,1000,50
Daun Kucai 100gr,https://storage.googleapis.com/indo-astro/Astro_Farm_Daun_Kucai_100gr_1650361385028_PRODUCT_240x240.png,4900,,1,1000,100
Paprika Kuning 1 pcs,https://storage.googleapis.com/indo-astro/Paprika_Kuning_1_pcs_1650361546586_PRODUCT_240x240.png,23400,,2,1000,200
Jamur Enoki 100gr,https://storage.googleapis.com/indo-astro/Jamur_Enoki_100gr_240x240.png,5700,,2,1000,100
Jamur Shimeji Coklat 150gr,https://storage.googleapis.com/indo-astro/Jamur_Shimeji_Coklat_150gr_240x240.png,14500,,6,1000,150
Jamur Shitake 200gr,https://storage.googleapis.com/indo-astro/Jamur_Shitake_200gr_1650355609017_PRODUCT_240x240.png,25000,,4,1000,200
Jamur Champignon 250gr,https://storage.googleapis.com/indo-astro/Jamur_Champignon_250gr_240x240.png,17500,,22,1000,250
Paprika Hijau 1 pcs,https://storage.googleapis.com/indo-astro/Paprika_Hijau_1_pcs_1650361629443_PRODUCT_240x240.png,13900,,0,1000,220
Paprika Merah 1 pcs,https://storage.googleapis.com/indo-astro/Paprika_Merah_1_pcs_1650361612195_PRODUCT_240x240.png,22700,,0,1000,220
IP Farm Ubi Jepang (Satsumaimo) 1kg,https://storage.googleapis.com/indo-astro/IP_Farm_Ubi_Jepang_(Satsumaimo)_1kg_1659109584463_PRODUCT_240x240.png,28900,,0,2400,1000
IP Farm Ubi Ungu 1kg,https://storage.googleapis.com/indo-astro/IP_Farm_Ubi_Ungu_1kg_1659365355495_PRODUCT_240x240.png,28900,,0,2400,1000
Tomat Hijau 250gr,https://storage.googleapis.com/indo-astro/Tomat_Hijau_250gr_1657695045448_PRODUCT_240x240.png,6000,,0,1014,250
Terong Hijau Lalap 250gr,https://storage.googleapis.com/indo-astro/Terong_Hijau_Lalap_250gr_1654482471023_PRODUCT_240x240.png,5900,,0,2640,250
Kentang Rendang 500gr,https://storage.googleapis.com/indo-astro/Kentang_Rendang_500gr_1651216289920_PRODUCT_240x240.png,7600,,0,1000,500
Daun Pandan 50gr,https://storage.googleapis.com/indo-astro/Daun_Pandan_50gr_1651135118558_PRODUCT_240x240.png,2000,,0,1000,50
Farmer's Daun Oregano Fresh Herb 50gr,https://storage.googleapis.com/indo-astro/Astro_Farm_Daun_Oregano_50gr_PRODUCT_1644721209394_240x240.png,9500,,0,100,50
Wortel Stick 250gr,https://storage.googleapis.com/indo-astro/Wortel_Stick_250gr_PRODUCT_240x240.png,11000,,0,1000,250
Kentang Stick 250gr,https://storage.googleapis.com/indo-astro/Kentang_Stick_500gr_240x240.png,12000,,0,1000,500
Wortel Stick 500gr,https://storage.googleapis.com/indo-astro/Wortel_Stick_500gr_240x240.png,20000,,0,1000,500
Farmer's Daun Rosemary 50gr,https://storage.googleapis.com/indo-astro/Astro_Farm_Daun_Rosemary_50gr_PRODUCT_240x240.png,9200,,0,1000,20
Farmer's Daun Mint 50gr,https://storage.googleapis.com/indo-astro/Astro_Farm_Daun_Mint_50gr_PRODUCT_240x240.png,9200,,0,1000,20
Farmer's Daun Basil 50gr,https://storage.googleapis.com/indo-astro/Astro_Farm_Daun_Basil_50gr_PRODUCT_240x240.png,9200,,0,1000,20
Daun Kemangi 150gr,https://storage.googleapis.com/indo-astro/Astro_Farm_Kemangi_250gr_1647488005119_PRODUCT_240x240.png,9800,,0,1000,250
Bawang Bombay 1kg,https://storage.googleapis.com/indo-astro/Bawang_Bombay_1kg_240x240.png,26500,,5,1000,1000
Bawang Merah Regular 250gr,https://storage.googleapis.com/indo-astro/Bawang_Merah_250gr_1650352019331_PRODUCT_240x240.png,16300,,11,1296,250
Bawang Putih 250gr,https://storage.googleapis.com/indo-astro/Bawang_Putih_250gr_1650351889239_PRODUCT_240x240.png,10700,,5,1296,250
Cabe Hijau Rawit 150gr,https://storage.googleapis.com/indo-astro/Cabe_Hijau_Rawit_150gr_1650360747411_PRODUCT_240x240.png,15900,,2,1000,150
Cengkeh 25gr,https://storage.googleapis.com/indo-astro/Astro_Spice_Cengkeh_25gr_1655347539104_PRODUCT_240x240.png,7000,,31,1000,50
Jahe Putih 200gr,https://storage.googleapis.com/indo-astro/Jahe_Putih_200gr_1650353418895_PRODUCT_240x240.png,5900,,6,1000,200
Kunyit 250gr,https://storage.googleapis.com/indo-astro/Kunyit_250gr_1651216357503_PRODUCT_240x240.png,4500,,3,360,200
Lengkuas 250gr,https://storage.googleapis.com/indo-astro/Lengkuas_250gr_240x240.png,5000,,2,1000,250
Lada Hitam Utuh 50gr,https://storage.googleapis.com/indo-astro/Astro_Spice_Lada_Hitam_50gr_1652756444294_PRODUCT_240x240.png,8100,,15,1000,50
Lada Putih Utuh 100gr,https://storage.googleapis.com/indo-astro/Astro_Spice_Lada_Putih_Utuh_100gr_1655345762802_PRODUCT_240x240.png,15000,,5,1000,100
Daun Salam 25gr,https://storage.googleapis.com/indo-astro/Astro_Spice_Daun_Salam_50gr_PRODUCT_240x240.png,2500,,1,1000,25
Jinten 10gr,https://storage.googleapis.com/indo-astro/Astro_Spice_Jinten_15gr_PRODUCT_1644219301577_240x240.png,2500,,94,1000,10
Kapulaga 10gr,https://storage.googleapis.com/indo-astro/Astro_Spice_Kapulaga_15gr_PRODUCT_1644219313601_240x240.png,8300,,105,1000,10
Ketumbar Utuh 50gr,https://storage.googleapis.com/indo-astro/Ketumbar_Utuh_50gr_PRODUCT_1643611960571_240x240.png,3000,,14,1000,50
Biji Pala 25gr,https://storage.googleapis.com/indo-astro/Astro_Spice_Biji_Pala_25gr_PRODUCT_1644394842230_240x240.png,7000,,16,1000,25
Bunga Lawang 25gr,https://storage.googleapis.com/indo-astro/Astro_Spice_Bunga_Lawang_25gr_PRODUCT_1644394853821_240x240.png,8100,,25,1000,25
Kayu Manis 50gr,https://storage.googleapis.com/indo-astro/Astro_Spice_Kayumanis_25gr_PRODUCT_1644394864293_240x240.png,9200,,12,1000,50
Kencur 100gr,https://storage.googleapis.com/indo-astro/Kencur_100gr_1656901216772_PRODUCT_240x240.png,5400,,3,1000,100
Jahe Merah 200gr,https://storage.googleapis.com/indo-astro/Jahe_Merah_250gr_240x240.png,7000,,10,1000,200
Cabe Hijau Besar 150gr,https://storage.googleapis.com/indo-astro/Cabe_Hijau_Besar_150gr_1650352560757_PRODUCT_240x240.png,11200,,1,1000,150
Bawang Putih Kating Pack 250gr,https://storage.googleapis.com/indo-astro/Bawang_Putih_Kating_Pack_250gr_1650351837005_PRODUCT_240x240.png,12000,,2,1000,250
Cabe Merah Rawit 150gr,https://storage.googleapis.com/indo-astro/Cabe_Merah_Rawit_150gr_1650352950358_PRODUCT_240x240.png,15900,,1,308,150
Cabe Hijau Keriting 150gr,https://storage.googleapis.com/indo-astro/Cabe_Hijau_Keriting_150gr_1650352675232_PRODUCT_240x240.png,10900,,0,1000,150
Bawang Merah Super 250gr,https://storage.googleapis.com/indo-astro/Bawang_Merah_Super_250gr_1656900892671_PRODUCT_240x240.png,22900,,0,1000,250
Daun Jeruk 25gr,https://storage.googleapis.com/indo-astro/Astro_Spice_Daun_Jeruk_50gr_PRODUCT_240x240.png,3300,,0,1000,25
Cabe Merah Besar 150gr,https://storage.googleapis.com/indo-astro/Cabe_Merah_Besar_150gr_1650351605987_PRODUCT_240x240.png,23300,,0,1000,150
Cabe Merah Keriting 150gr,https://storage.googleapis.com/indo-astro/Cabe_Merah_Keriting_150gr_1650352714729_PRODUCT_240x240.png,19900,,0,308,150
Pakcoy Hydroponic 200gr,https://storage.googleapis.com/indo-astro/Astro_Farm_Pakcoy_Hydroponic_200gr_1650422348548_PRODUCT_240x240.png,10800,,1,1000,200
Amazing Farm Shake Salad Thai Shake 120gr,https://storage.googleapis.com/indo-astro/Amazing_Farm_Shake_Salad_Thai_Shake_120gr_240x240.png,26000,,1,1000,120
Kale Hydroponic 200gr,https://storage.googleapis.com/indo-astro/Astro_Farm_Kale_Hydroponic_200gr_1650421790408_PRODUCT_240x240.png,24500,,1,264,200
Baby Kailan Hydroponic 200gr,https://storage.googleapis.com/indo-astro/Astro_Farm_Baby_Kailan_Hydroponic_200gr_240x240.png,14900,,1,1000,200
Baby Bayam Merah Hydroponic 200gr,https://storage.googleapis.com/indo-astro/Astro_Farm_Baby_Bayam_Merah_Hydroponic_200gr_PRODUCT_240x240.png,11800,,1,1000,200
Baby Caisim Hydroponic 200gr,https://storage.googleapis.com/indo-astro/Astro_Farm_Baby_Caisim_Hydroponic_200gr_PRODUCT_240x240.png,12300,,2,1000,200
Baby Kangkung Hydroponic 200gr,https://storage.googleapis.com/indo-astro/Astro_Farm_Baby_Kangkung_Hydroponic_200gr_PRODUCT_240x240.png,12300,,6,1000,200
Baby Pakcoy Hydroponic 200gr,https://storage.googleapis.com/indo-astro/Astro_Farm_Baby_Pakcoy_Hydroponic_200gr_PRODUCT_240x240.png,14000,,7,1000,200
Selada keriting Hydroponic 200gr,https://storage.googleapis.com/indo-astro/Astro_Farm_Selada_keriting_Hydroponic_200gr_1650422131020_PRODUCT_240x240.png,11800,,4,1000,200
Bayam Hijau Hydroponic 200gr,https://storage.googleapis.com/indo-astro/Astro_Farm_Bayam_Hijau_Hydroponic_200gr_1650421512119_PRODUCT_240x240.png,10600,,2,1000,200
Kangkung Hydroponic 200gr,https://storage.googleapis.com/indo-astro/Astro_Farm_Kangkung_Hydroponic_200gr_1650421866214_PRODUCT_240x240.png,10300,,3,1000,200
Caisim Hydroponic 200gr,https://storage.googleapis.com/indo-astro/Astro_Farm_Caisim_Hydroponic_200gr_1650422195091_PRODUCT_240x240.png,10900,,4,1000,200
Amazing Farm Shake Salad Newyorker 120gr,https://storage.googleapis.com/indo-astro/Amazing_Farm_Shake_Salad_Newyorker_120gr_240x240.png,26000,,0,432,120
Amazing Farm Sweet Baby Mix Salad To Go 150gr,https://storage.googleapis.com/indo-astro/Amazing_Farm_Sweet_Baby_Mix_Salad_To_Go_150gr_240x240.png,21000,,0,1000,150
Amazing Farm Class Romaine Salad To Go 150gr,https://storage.googleapis.com/indo-astro/Amazing_Farm_Class_Romaine_Salad_To_Go_150gr_240x240.png,21000,,0,1000,150
Amazing Farm American Mix Salad To Go 150gr,https://storage.googleapis.com/indo-astro/Amazing_Farm_American_Mix_Salad_To_Go_150gr_240x240.png,21000,,0,1000,150
Baby Bayam Merah Hidroponik 200gr,https://storage.googleapis.com/indo-astro/Baby_Bayam_Merah_Hidroponik_200gr_240x240.png,12800,,0,1600,200
Amazing Farm Baby Cos 250gr,https://storage.googleapis.com/indo-astro/Amazing_Farm_Baby_Cos_250gr_1659585982102_PRODUCT_240x240.png,24300,,0,2250,250
Selada Romaine Hydroponic 200gr,https://storage.googleapis.com/indo-astro/Astro_Farm_Selada_Romaine_Hydroponic_200gr_1650421957827_PRODUCT_240x240.png,12900,,0,1000,200
Kailan Hydroponic 200gr,https://storage.googleapis.com/indo-astro/Astro_Farm_Kailan_Hydroponic_200gr_1650421731364_PRODUCT_240x240.png,13900,,0,1000,200
Buy 1 Highland 50/50 Mesclun & Spinach 100gr + Dressing free 1 Mesclun 100gr,https://storage.googleapis.com/indo-astro/Buy_1_Highland_50_50_Mesclun_&_Spinach_100gr_+_Dressing_free_1_Mesclun_100gr_PRODUCT_240x240.png,39900,,0,1000,200
Baby Bayam Hydroponic 200gr,https://storage.googleapis.com/indo-astro/Astro_Farm_Baby_Bayam_Hydroponic_200gr_PRODUCT_240x240.png,12400,,0,1000,200
Siomak Hydroponic 200gr,https://storage.googleapis.com/indo-astro/Astro_Farm_Siomak_Hydroponic_200gr_240x240.png,13100,,0,1000,200
Bayam Merah Hydroponic 200gr,https://storage.googleapis.com/indo-astro/Astro_Farm_Bayam_Merah_Hydroponic_200gr_1650421481880_PRODUCT_240x240.png,10600,,0,1000,200
Amazing Farm Tauge Organik 200gr,https://storage.googleapis.com/indo-astro/Amazing_Farm_Tauge_Organik_200gr_240x240.png,9400,,0,1000,200