262,Nivea Men Deodorant Deep Black Charcoal Espresso Roll On 50ml,https://storage.googleapis.com/indo-astro/Nivea_Men_Deodorant_Deep_Black_Charcoal_Espresso_Roll_On_50ml_240x240.png,19100,,9,176,100
263,Rexona Men Roll On Ice Cool 45ml - New Pack,https://storage.googleapis.com/indo-astro/Rexona_Men_Roll_On_Ice_Cool_45ml_-_New_Pack_1654579013453_PRODUCT_240x240.png,19900,,2,300,45
264,Rexona Men Roll On Invisible Dry 45ml- New Pack,https://storage.googleapis.com/indo-astro/Rexona_Men_Roll_On_Invisible_Dry_45ml_PRODUCT_1650818859373_240x240.png,19600,,5,1000,100
265,NIVEA MEN Deodorant Deep Spray 150ml,https://storage.googleapis.com/indo-astro/NIVEA_MEN_Deodorant_Deep_Spray_150mL_1649402840053_PRODUCT_240x240.png,50500,,2,1000,150
266,NIVEA MEN Deodorant Deep Roll-On 50ml,https://storage.googleapis.com/indo-astro/NIVEA_MEN_Deodorant_Deep_Roll-On_50mL_1649403531818_PRODUCT_240x240.png,20700,,7,1000,50
267,NIVEA MEN Deodorant Cool Kick Spray 150ml,https://storage.googleapis.com/indo-astro/NIVEA_MEN_Deodorant_Cool_Kick_Spray_150mL_1649403543571_PRODUCT_240x240.png,50500,,3,1000,150
268,NIVEA MEN Deodorant Invisible Black & White Roll-On 50ml,https://storage.googleapis.com/indo-astro/NIVEA_MEN_Deodorant_Invisible_Black_&_White_Roll-On_50mL_1649403555759_PRODUCT_240x240.png,20700,,3,1000,50
269,NIVEA Deodorant Black & White Invisible Radiant & Smooth Roll-On 50ml,https://storage.googleapis.com/indo-astro/NIVEA_Deodorant_Black_&_White_Invisible_Radiant_&_Smooth_Roll-On_50_mL_1649383785549_PRODUCT_240x240.png,21700,,15,1000,50
270,NIVEA Deodorant Invisible Black & White Roll-On 50ml,https://storage.googleapis.com/indo-astro/NIVEA_Deodorant_Invisible_Black_&_White_Roll-On_50mL_1649383750904_PRODUCT_240x240.png,21700,,11,1000,50
271,NIVEA Deodorant Extra Whitening Roll On 50ml,https://storage.googleapis.com/indo-astro/NIVEA_Deodorant_Extra_Whitening_Roll_On_50ml_240x240.png,20900,,2,176,100
272,Rexona Men Roll On Ice Cool 45ml,https://storage.googleapis.com/indo-astro/Rexona_Men_Roll_On_Ice_Cool_45ml_240x240.png,18100,,3,300,45
273,Nivea Roll On Pearl & Beauty 50ml,https://storage.googleapis.com/indo-astro/Nivea_Roll_On_Pearl_&_Beauty_50ml_240x240.png,21100,,1,176,50
274,Axe Deo Body Spray Black 135ml,https://storage.googleapis.com/indo-astro/Axe_Deo_Body_Spray_Black_135ml_240x240.png,37600,,6,504,135
275,Rexona Advanced Whitening Roll On 45ml,https://storage.googleapis.com/indo-astro/Rexona_Advanced_Whitening_Roll_On_45ml_240x240.png,20800,,4,588,80
276,Axe Deo Body Spray Dark Temptation 135ml,https://storage.googleapis.com/indo-astro/Axe_Deo_Body_Spray_Dark_Temptation_135ml_240x240.png,30300,,0,504,135
277,Dove Sensitive Deodorant Roll On - 40ml,https://storage.googleapis.com/indo-astro/Dove_Sensitive_Deodorant_Roll_On_-_40ml_240x240.png,18000,,0,588,70
278,Gillette Venus Alat Cukur Wanita Simply Venus Basic Isi 2/Pisau Cukur,https://storage.googleapis.com/indo-astro/Gillette_Venus_Alat_Cukur_Wanita_Simply_Venus_Basic_Isi_2_Pisau_Cukur_240x240.png,25200,22400,1,368,200
279,Gillette Shaving Foam Krim Alat Cukur Menthol 175gr/Shaving Cream,https://storage.googleapis.com/indo-astro/Gillette_Shaving_Foam_Krim_Alat_Cukur_Menthol_175gr_Shaving_Cream_PRODUCT_1643627636785_240x240.png,37900,,3,350,200
280,Gillette Foamy Shave Cream Lemon Lime 175gr (2 Pcs),https://storage.googleapis.com/indo-astro/Gillette_Foamy_Shave_Cream_Lemon_Lime_175gr_(2pcs)_PRODUCT_1645163910377_240x240.png,72600,52900,5,1000,350
281,Gillette Vector Alat Cukur Razor/Pisau Cukur,https://storage.googleapis.com/indo-astro/Gillette_Vector_Alat_Cukur_Razor_Pisau_Cukur_240x240.png,22300,18900,1,600,200
282,Natur Hair Tonic Aloevera 90ml,https://storage.googleapis.com/indo-astro/Natur_Hair_Tonik_Aloevera_90ml_1656485394513_PRODUCT_240x240.png,41400,33100,2,420,102.3
283,Natur Hair Tonic Ginseng 90ml,https://storage.googleapis.com/indo-astro/Natur_Hair_Tonik_Ginseng_90ml_1656485408669_PRODUCT_240x240.png,41400,33100,3,420,102.3
284,Ellips Hair Vitamin Moroccan Oil Smooth & Shiny Blister 6 Pcs,https://storage.googleapis.com/indo-astro/Ellips_Hair_Vitamin_Moroccan_Oil_Smooth_&_Shiny_Blister_6pcs_PRODUCT_1643790235330_240x240.png,16100,,1,1000,90
285,Chief Solid Black Pomade Pot 120gr/Gel Rambut,https://storage.googleapis.com/indo-astro/Chief_Solid_Black_Pomade_Pot_120gr_Gel_Rambut_240x240.png,146500,,3,588,120
286,Gatsby Styling Pomade Supreme Grease 80gr/Gel Rambut,https://storage.googleapis.com/indo-astro/Gatsby_Styling_Pomade_Supreme_Grease_80gr_Gel_Rambut_240x240.png,33300,,7,324,80
287,Ellips Hair Vitamin Smooth & Silky Cardpack 6 Pcs,https://storage.googleapis.com/indo-astro/Ellips_Hair_Vitamin_Smooth_&_Silky_Cardpack_6_Pcs_240x240.png,16000,,13,35,120
288,Ellips Hair Vitamin Hair Repair Cardpack 6 Pcs,https://storage.googleapis.com/indo-astro/Ellips_Hair_Vitamin_Hair_Repair_Cardpack_6_Pcs_240x240.png,13900,,3,35,120
289,Gatsby Styling Wax Mat & Hard 75gr/Gel Rambut,https://storage.googleapis.com/indo-astro/Gatsby_Styling_Wax_Mat_&_Hard_75gr_Gel_Rambut_240x240.png,20100,,3,196,75
290,L'Oreal Paris Natural Dark Brown Excellence Creme/Cat Rambut,https://storage.googleapis.com/indo-astro/L'Oreal_Paris_Natural_Dark_Brown_Excellence_Creme_Cat_Rambut_240x240.png,140400,,18,560,150
291,Garnier Color Natural Hair Color Darkest Brown/Cat Rambut,https://storage.googleapis.com/indo-astro/Garnier_Color_Natural_Hair_Color_Darkest_Brown_Cat_Rambut_240x240.png,41500,,12,350,150
292,Garnier Color Natural Hair Color Natural Black/Cat Rambut,https://storage.googleapis.com/indo-astro/Garnier_Color_Natural_Hair_Color_Natural_Black_Cat_Rambut_240x240.png,46900,,2,336,150
293,Garnier Color Natural Hair Color Brown/Cat Rambut,https://storage.googleapis.com/indo-astro/Garnier_Color_Natural_Hair_Color_Brown_Cat_Rambut_240x240.png,53500,,0,350,150
294,Charm Extra Comfort Cooling Fresh Ekstrak Daun Mint Wing 23cm 16 Pcs/Pembalut,https://storage.googleapis.com/indo-astro/Charm_Extra_Comfort_Cooling_Fresh_Ekstrak_Daun_Mint_Wing_23cm_16_Pcs_Pembalut_1657708407978_PRODUCT_240x240.png,18800,16900,7,1000,50
295,Laurier Super Slimguard Day 22.5cm 20 Pcs/Pembalut Wanita,https://storage.googleapis.com/indo-astro/Laurier_Super_Slimguard_Day_22.5cm_20_Pcs_Pembalut_Wanita_1650599462599_PRODUCT_240x240.png,26100,,13,1000,150
296,Softex Maternity 45cm 20'S/Pembalut Bersalin,https://storage.googleapis.com/indo-astro/Softex_Maternity_45cm_20'S_Pembalut_Bersalin_240x240.png,35300,,5,3960,200
297,Laurier Relax Night Pembalut Wanita Wing 30cm 16s,https://storage.googleapis.com/indo-astro/Laurier_Relax_Night_Pembalut_Wanita_Wing_30cm_16s_1657768871643_PRODUCT_240x240.png,17500,,3,4752,80
298,Sundrop Organic Ultra Thin Pads Heavy Flow 29cm - isi 12,https://storage.googleapis.com/indo-astro/Sundrop_Organic_Ultra_Thin_Pads_Heavy_Flow_29cm_-_isi_12_1655112185195_PRODUCT_240x240.png,57000,,1,3240,360
299,[Bundle] Betadine Feminine Wipes - 10 Pcs,https://storage.googleapis.com/indo-astro/[Bundle]_Betadine_Feminine_Wipes_-_10_Pcs_1653031423811_PRODUCT_240x240.png,26300,14400,6,1000,50
300,Charm Body Fit Safe Night Wing 35cm Gathers 18 Pcs/Pembalut,https://storage.googleapis.com/indo-astro/Charm_Body_Fit_Safe_Night_Wing_35cm_Gathers_18_Pcs_Pembalut_1657708319314_PRODUCT_240x240.png,32800,,9,2835,50
301,UMA Organic Pads - Regular isi 10/Pembalut Organik,https://storage.googleapis.com/indo-astro/UMA_Organic_Pads_-_Regular_isi_10_Pembalut_Organik_1648451701297_PRODUCT_240x240.png,33300,,24,1000,100
302,Charm Body Fit Safe Night Wing 35cm 18 Pcs/Pembalut,https://storage.googleapis.com/indo-astro/Charm_Body_Fit_Safe_Night_Wing_35cm_18_Pcs_Pembalut_1657708353449_PRODUCT_240x240.png,26700,24000,7,2835,50
303,Softex Daun Sirih Wing With Antiseptic 29cm 18 Pcs/Pembalut,https://storage.googleapis.com/indo-astro/Softex_Daun_Sirih_Wing_With_Antiseptic_29cm_18_Pcs_Pembalut_240x240.png,21400,,4,1000,50
304,Softex Daun Sirih Natural Hygiene 3 In 1 16 Pcs/Pembalut,https://storage.googleapis.com/indo-astro/Softex_Daun_Sirih_Natural_Hygiene_3_In_1_16_Pcs_Pembalut_240x240.png,22100,,2,1000,50
305,Charm Pantyliners Cooling Fresh Ekstrak Daun Mint 32 Pcs/Pembalut,https://storage.googleapis.com/indo-astro/Charm_Pantyliners_Cooling_Fresh_Ekstrak_Daun_Mint_32_Pcs_Pembalut_1657708380424_PRODUCT_240x240.png,18800,16900,13,1000,50
306,Charm Body Fit Safe Night Wing 35cm 12 Pcs/Pembalut Wanita,https://storage.googleapis.com/indo-astro/Charm_Body_Fit_Safe_Night_Wing_35cm_12_Pcs_Pembalut_Wanita_1657708436001_PRODUCT_240x240.png,26300,,9,1000,50
307,Charm Body Fit Safe Night Wing 42cm 8 Pcs/Pembalut Wanita,https://storage.googleapis.com/indo-astro/Charm_Body_Fit_Safe_Night_Wing_42cm_8_Pcs_Pembalut_Wanita_1657708467952_PRODUCT_240x240.png,26000,23400,7,1000,100
308,Betadine Feminine Wash Sirih Firming Floral 110ml/Sabun Kewanitaan,https://storage.googleapis.com/indo-astro/Betadine_Feminine_Wash_Sirih_Firming_Floral_110ml_Sabun_Kewanitaan_240x240.png,18900,,3,1728,110
309,Betadine Feminine Wash Sirih Radiance Blossom 110ml/Sabun Kewanitaan,https://storage.googleapis.com/indo-astro/Betadine_Feminine_Wash_Sirih_Radiance_Blossom_110ml_Sabun_Kewanitaan_240x240.png,18900,,4,1728,110
310,Bagus Nina Anion 27cm 10 Pcs/Pembalut Wanita,https://storage.googleapis.com/indo-astro/Bagus_Nina_Anion_27cm_10_Pcs_Pembalut_Wanita_240x240.png,31000,,3,1664,200
311,Charm Extra Maxi Wing 23cm 30 Pcs/Pembalut Wanita,https://storage.googleapis.com/indo-astro/Charm_Extra_Maxi_Wing_23cm_30_Pcs_Pembalut_Wanita_1657708492494_PRODUCT_240x240.png,23800,21400,10,3024,246
312,Charm Body Fit Night Wing 29cm 20 Pcs/Pembalut wanita,https://storage.googleapis.com/indo-astro/Charm_Bodyfit_Night_Wing_29cm_20_Pcs_Pembalut_wanita_240x240.png,20400,18300,6,2856,190
313,Softex Celana Menstruasi 2 Pcs,https://storage.googleapis.com/indo-astro/Softex_Celana_Menstruasi_2_Pcs_240x240.png,20500,,6,800,75
314,Sensitif Compact - 1 Pcs Test Pack/Alat Cek Kehamilan,https://storage.googleapis.com/indo-astro/Sensitif_Compact_-_1_Pcs_Test_Pack_Alat_Cek_Kehamilan_240x240.png,48000,,6,240,30
315,AKURAT Tes Kehamilan - 1 Pcs,https://storage.googleapis.com/indo-astro/AKURAT_Tes_Kehamilan_-_1_Pcs_240x240.png,14500,,5,96,10
316,Betadine Feminine Wipes - 10 Pcs/Tissue Basah,https://storage.googleapis.com/indo-astro/Betadine_Feminine_Wipes_-_10_Pcs_Tissue_Basah_1653031445804_PRODUCT_240x240.png,14800,,20,252,200
317,Laurier Relax Night Celana Menstruasi Pembalut Wanita Size M-XL 2s,https://storage.googleapis.com/indo-astro/Laurier_Relax_Night_Celana_Menstruasi_Pembalut_Wanita_Size_M-XL_2s_1657768809178_PRODUCT_240x240.png,22500,,0,1170,80
318,Laurier Super Slimguard Pembalut Wanita Night Wing 30cm 14s,https://storage.googleapis.com/indo-astro/Laurier_Super_Slimguard_Pembalut_Wanita_Night_Wing_30cm_14s_1657768838218_PRODUCT_240x240.png,33500,,0,1080,80
319,Sundrop Organic Ultra Thin Pads Light Flow 24cm - isi 12,https://storage.googleapis.com/indo-astro/Sundrop_Organic_Ultra_Thin_Pads_Light_Flow_24cm_-_isi_12_1655113044398_PRODUCT_240x240.png,48000,,0,1915.739,362
320,Laurier Super Slimguard Wing Day Use 10 Pcs/Pembalut,https://storage.googleapis.com/indo-astro/Laurier_Super_Slimguard_Wing_Day_Use_10_Pcs_Pembalut_240x240.png,14600,,0,1000,50
321,KIWI Shine & Protect Brown 75ml - Semir Sepatu/Shoe Shine,https://storage.googleapis.com/indo-astro/KIWI_Shine_&_Protect_Brown_75ml_-_Semir_Sepatu_Shoe_Shine_240x240.png,29100,,7,224,100
322,Kahf Revered Oud Eau de Toilette 35ml,https://storage.googleapis.com/indo-astro/Kahf_Revered_Oud_Eau_de_Toilette_35ml_PRODUCT_1646381691659_240x240.png,68400,,6,1000,35
323,Autan Refresh Spritz Liquid Bottle 100ml,https://storage.googleapis.com/indo-astro/Autan_Refresh_Spritz_Liquid_Bottle_100ml_240x240.png,14300,,5,288,120
324,KIWI Shine & Protect Neutral 75ml - Semir Sepatu/Shoe Shine,https://storage.googleapis.com/indo-astro/KIWI_Shine_&_Protect_Neutral_75ml_-_Semir_Sepatu_Shoe_Shine_240x240.png,29100,,7,224,100
325,KIWI Shine & Protect Black 75ml - Semir Sepatu/Shoe Shine,https://storage.googleapis.com/indo-astro/KIWI_Shine_&_Protect_Black_75ml_-_Semir_Sepatu_Shoe_Shine_240x240.png,29100,,4,224,75
326,Autan Care & Protect Tube 50ml,https://storage.googleapis.com/indo-astro/Autan_Care_&_Protect_Tube_50ml_240x240.png,9500,,0,264,100